SKU;Nazwa
AJ;AJWAR 5902036002841
AR CYN;Aromat cynamonowy naturalny VIMAX V001308
AR CZEK;Aromat czekolady naturalny VIMAX V770374
AR Carmel;Aromat Boccetta Carmel 508670 T
AR Cucumber;Aromat cucumber 1100002215 Boccetta
AR Cucumber TEG;Aromat cucumber flavour TEG-10355690 Boccetta
AR Cytryna;Aromat lemon 050001 3001906 alkoh Boccetta Kofola
AR Elder blossom;Aromat Elder blossom flavouring 647969 Boccetta
AR Florals;Aromat Florals Flavour L-001328 Boccetta
AR Ginger TEG;Aromat natural Ginger flavour TEG-10332308 Boccetta Kofola
AR Ginger wonf;Aromat Boccetta Ginger wonf 1102302108
AR Gingerbread nat flavor;Aromat Boccetta Gingerbread nat flavor 1102302105
AR Granat;Aromat Boccetta Pomegranate 194818
AR Hazelnut;Aromat Boccetta Hazelnut 1101406136
AR Honey;Aromat Honey Flavour 1101701232 Boccetta
AR Kokos;Aromat Boccetta Kokos 1102302124
AR Lavender;Aromat Boccetta Lavender 1100406129
AR Limonka;Aromat Lime 576571 CW Boccetta Kofola
AR MAL;Aromat malinowy
AR MIETA;Aromat mięta naturalny VIMAX V770129
AR Mal Kof;Aromat Malinowy 5.88248 Boccetta
AR Mango;Aromat mango type Harum Manis alc.424607 Boccetta
AR Marshmellow;Aromat Boccetta Marshmellow 1101506127
AR Pastry nat flavor;Aromat Boccetta Pastry nat flavor 1101610263
AR Red currant;Aromat Boccetta Red currant 1101905118
AR SPRITZ FIRMENICH;Aromat Cocktail Spritz Type Flavor FIRMENICH 050002 2645T
AR SUNRISE;Aromat tequila sunrise VIMAX V002155
AR Strawberry;Aromat Boccetta Strawberry 1100709209
AR Vanilla;Aromat Boccetta Vanilla 1100503154
AR Vanilla2;Aromat Boccetta vanilla 1102004170
AR YUZU;Aromat yuzu
AR koreni a dyne;Aromat Boccetta koření a dýně 1102302123
BARW APERITIF VIMAX;Barwnik Aperitif pomarańczowy VIMAX V500393
BARW BB;Błękit brylantowy FCF E 133 Boccetta Kofola
BARW CZERKOSZ;Barwnik czewień koszenilowa e124
BARW Carmel;Barwnik Boccetta karmel amoniakalno-siarczynowy E150d
BARW Czerw;Barwnik Czerwień allura E129 Boccetta
BARW E100;Kurkumina (barwnik)
BARW IND;Barwnik indygotyna e132
BARW KON CZMAR;Barwnik koncentrat czarnej marchwi w proszku
BARW RYB;Barwnik ryboflawina e101
BARW Tartrazyna;Tartrazyna E102 Boccetta
BARW ZPIS;BARWNIK ZIELEŃ PISTACJOWA BT E133+E102
BARW_E100;Kurkumina (barwnik)
BIOCUK;Cukier ekologiczny trzcinowy
BL AKA;Błonnik akacjwy
BOCKARTON4;Opakowanie zbiorcze na syropy Boccetta 1L karton i wieczko 4 sztuki
BUT DRESSING;BUTELKA DRESSING 250 ML BIAŁA
BUT KULE;Butelka kule 250 ml amber
BUT.RADKA;Butelka radka 330 ml
BUT.SOK750;Butelka sok 750 ml biała
BUT.VERAL100;Butelka 100 ml sirup brązowa
BUT.ZUK.330;Butelka ZUK 330 ml
Beczka 250 l;Beczka 250 l
Beczka 60 l;Beczka 60 l z pokrywą
But Monopol 200;Butelka 200 ml monopol
But. Kapka;Butelka 250ml svedska kapka brązowa
But. Roza 500;But. 500ml roza brązowa
But.Alfa;But. 250ml alfa brązowa
But.Alfa 150;Butelka 150ml alfa brązowa
But.BNA-400;Butelka bezbarwna 400 ml
But.Dorica;Butelka Dorica BVP 250 ml 31,5 STD GME biała
But.Dorica BUK;Butelka Dorica BVP 250 ml 31,5 STD GME biała BUKOWINA
But.Dorica500;Butelka Dorica 500 ml biała
But.Marasca 1L;Butelka MARASCA 1L
But.Meplat;Butelka meplat kapka 250 ml
But.VIGO.100;Butelka brązowa 100ml VIGO
But.sok250;But. sok 250 ml
CBD VIGO;CBD VIGO
CUK;Cukier
CYN;Cynamon w proszku
CYN-G;Cynamon grys
DOZKAR.4X 0,25;KARTON 4 X 0,25 ML
DOZKART.4X0,5;KARTON 4 X 0,5 l
DOZMIARKA;Doz miarka dozująca
DWUPAK;Pudełko dwupak syropy krakowski kredens 2x 200 ml
DYCHACI;Cesty dychaci drogi oddechowe
E.BER-SOKBIO.JAG.500;Etykieta BERRIFINE Organic bilberry juice 100% 500 ml (BLUEBERRY/JAGODA)
E.BER-SOKBIO.OCB.500;Etykieta BERRIFINE Organic Elderberry juice 100% 500ml
E.BER-SOKBIO.WIS.500;Etykieta BERRIFINE Organic cherry juice 100% 500 ml
E.BER-SOKBIO.ZUR.500;Etykieta BERRIFINE Organic cranberry juice 100% 500ml
E.BUK-KON.ROZA.280;ETYKIETA Konfitura z róży 280g SCHRONISKO BUKOWINA
E.BUK-SYR.CP.250;ETYKIETA SYROP Z CZARNEJ PORZECZKI 250 ML SCHRONISKO BUKOWINA
E.BUK-SYR.CYNC.250;ETYKIETA Syrop o smaku cyn. ciast. 250 ml Schronisko Bukowina
E.BUK-SYR.GRUCG.250;ETYKIETA Syrop gruszkowy z goźd i cyn. 250 ml Schronisko Bukowina
E.BUK-SYR.IMB.250;ETYKIETA SYROP Z IMBIRU 250 ML SCHRONISKO BUKOWINA
E.BUK-SYR.KCB.250;ETYKIETA SYROP KWIAT BZU SCHRONISKO BUKOWINA
E.BUK-SYR.KORZ.250;ETYKIETA SYROP KORZENNY 250 ML SCHRONISKO BUKOWINA
E.BUK-SYR.MAL.250;ETYKIETA SYROP Z MALIN 250 ML SCHRONISKO BUKOWINA
E.BUK-SYR.OCB.250;ETYKIETA SYROP Z CZARNEGO BZU 250 ML SCHRONISKO BUKOWINA
E.BUK-SYR.PIGW.250;ETYKIETA SYROP Z PIGWOWCA 250 ML SCHRONISKO BUKOWINA
E.BUK-SYR.PSOS.250;ETYKIETA SYROP Z PĘDÓW SOSNY 250 ML SCHRONISKO BUKOWINA
E.BUK-SYR.ROKIT.250;ETYKIETA SYROP Z ROKITNIKA 250 ML SCHRONISKO BUKOWINA
E.BUK-SYR.ZUR.250;ETYKIETA SYROP Z ŻURAWINY 250 ML SCHRONISKO BUKOWINA
E.CNH-SYR.KCB.250;Etykieta CNH Syrop z kwiatów bzu czarnego 250 ml
E.CNH-SYR.MAL.250;Etykieta CNH Syrop malinowy 250 ml
E.CNH-SYR.MLI.250;Etykieta CNH Syrop malina z lipą 250 ml
E.CNH-SYR.ZUR.250;Etykieta CNH Syrop żurawinowy 250 ml
E.DOZ-SOK.AWCM.250;Etykieta Zielnik DOZ Sok Acerolka mango 250 ml
E.DOZ-SOK.AWCT.250;Etykieta Zielnik DOZ Sok Acerolka truskawka 250 ml
E.DOZ-SOK.GRANAT.250;Etykieta Zielnik DOZ sok z granatu z acerolą 250 ml
E.DOZ-SOK.GRANAT.500;Etykieta Zielnik DOZ sok granat 500 ml
E.DOZ-SOK.GRAV.250;Etykieta Zielnik DOZ sok z gravioli z acerolą 250 ml
E.DOZ-SOK.POK.250;Etykieta Zielnik DOZ sok z pokrzywy z acerolą 250 ml
E.DOZ-SOK.POK.500;Etykieta Zielnik DOZ sok pokrzywa 500 ml
E.DOZ-SOK.ROZA.250;Etykieta Zielnik DOZ sok róża z owoców z acerolą 250 ml
E.DOZ-SOKBIO.ARON.500;Etykieta Zielnik DOZ sok aronia bio 500 ml
E.DOZ-SOKBIO.AWC.250;Etykieta Zielnik DOZ sok acerola bio 250 ml
E.DOZ-SOKBIO.AWC.500;Etykieta Zielnik DOZ sok acerola bio 500 ml
E.DOZ-SOKBIO.BUR.500;Etykieta Zielnik DOZ sok burak bio 500 ml
E.DOZ-SOKBIO.CB.500;Etykieta Zielnik DOZ sok czarny bez bio 500 ml
E.DOZ-SOKBIO.MAL.500;Etykieta Zielnik DOZ sok malina bio 500 ml
E.DOZ-SOKBIO.ROK.250;Etykieta Zielnik DOZ sok z rokitnika bio 250 ml
E.DOZ-SOKBIO.ZUR.500;Etykieta Zielnik DOZ sok żurawina bio 500 ml
E.DOZ-SYR.IMBCM.250;Etykieta Zielnik DOZ syrop imbir z cytryną i miodem 250 ml
E.DOZ-SYR.KCB.250;Zielnik DOZ syrop czarny bez z kwiatów 250 ML
E.DOZ-SYR.MAL.250;Etykieta Zielnik DOZ syrop malina 250 ml
E.DOZ-SYR.OCB.250;Etykieta Zielnik DOZ syrop czarny bez z owoców 250ml
E.DOZ-SYR.PIGW.250;Etykieta Zielnik DOZ syrop pigwowiec 250 ml
E.DOZ-SYR.ROZA.250;Etykieta Zielnik DOZ syrop róża z owoców 250 ml
E.DOZ-SYR.ZUR.250;Etykieta Zielnik DOZ syrop żurawina 250 ML
E.DOZ-SYRSD.JEZ.250;Etykieta Zielnik DOZ Syrop jeżowka suplement diety 250 ml
E.DOZ-SYRSD.KML.250;Etykieta Zielnik DOZ Syrop mniszek lekarski suplement diety 250 ml
E.DOZ-SYRSD.PSOS.250;Etykieta Zielnik DOZ Syrop pędy sosny suplement diety 250 ml
E.EKA-SOK.BAL.500;Etykieta EkaMedica Sok EkaBalance 500 ML
E.EKA-SOK.HEP.500;Etykieta EkaMedica Sok EkaHepa 500 ML
E.EKA-SOK.HER.500;Etykieta EkaMedica Sok EkaHerbs 500 ML
E.EKA-SOK.URO.500;Etykieta EkaMedica Sok EkaUro 500 ML
E.EKS-SOK.ARON.500;Etykieta Chokeberry juice 100% 500ml Nature Story
E.EKS-SOK.BORAM.500;Etykieta Blueberry juice 100% 500ml Nature Story
E.EKS-SOK.CB.500;Etykieta Elderberry juice 100% 500ml Nature Story
E.EKS-SOK.GRANAT.500;Etykieta Pomegranate juice 100% 500ml Nature Story
E.EKS-SOK.IMB.500;Etykieta Ginger juice 500ml Nature Story
E.EKS-SOKBIO.ROZA.500;Etykieta Organic rosehip juice 100% 500ml Nature Story
E.EKS-SOKBIO.ZUR.500;Etykieta Organic cranberry juice 100% 500ml Nature Story
E.GRO-SOK.AWC.250;Etykieta Growper Sok Acerolka jabłko 250 ml
E.GRO-SOK.AWCM.250;Etykieta Growper Sok Acerolka mango 250 ml
E.GRO-SOK.AWCT.250;Etykieta Growper Sok Acerolka truskawka 250 ml
E.JMP-SYR.IMB.250;Etykieta Herbarium syrop z imbiru 250 ml
E.JMP-SYR.IMB.250PLSK;Etykieta Herbarium syrop z imbiru 250 ml Polska Słowacja
E.JMP-SYR.KSM.250PLSK;Etykieta Herbarium syrop korzenny ze śliwką i maliną 250ml Polska Słowacja
E.JMP-SYR.MAL.250;Etykieta Herbarium syrop z malin 250 ml
E.JMP-SYR.MAL.250PLSK;Etykieta Herbarium syrop z malin 250 ml Polska Słowacja
E.JMP-SYR.MALROZA.250;Etykieta Herbarium syrop z owoców dzikiej róży i malin 250ml
E.JMP-SYR.OCB.250;Etykieta Herbarium syrop z owoców czarnego bzu 250 ml
E.JMP-SYR.OCB.250PLSK;Etykieta Herbarium syrop z owoców czarnego bzu 250 ml Polska Słowacja
E.KAU-SHOT.ANTY.100;Etykieta Kaufland Shot Antioxid kurkuma z mandarynką i czarnym pieprzem 100 ML
E.KAU-SHOT.ENER.100;Etykieta Kaufland Shot Energy wiśnia z żeń-szeniem 100 ML
E.KAU-SHOT.IMMU.100;Etykieta Kaufland Shot Immunity imbir z acerolą 100 ML
E.LER-NAP.IMIMM.150;Etykieta Leros immunity shot 150 ml (immunity shot zázvor+vitamín c) 8594740550397
E.LER-SHOT.ANTY.100;Etykieta Leros Shot Antioxid kurkuma z mandarynką i czarnym pieprzem 100 ML
E.LER-SHOT.ENER.100;Etykieta Leros Shot Energy wiśnia z żeń-szeniem 100 ML
E.LER-SHOT.IMMU.100;Etykieta Leros Shot Immunity imbir z acerolą 100 ML
E.LER-SOK.AWC.250;Etykieta Leros sok z aceroli i jabłek 250ml (detska štáva vitamin c immunita)
E.LER-SOK.AWCMY.250;Etykieta Leros Sok Acerolka mango yerba mate 250 ml (Herbal Brew Memory Magic)
E.LER-SOK.AWCPM.250;Etykieta Leros Sok Acerolka czarna porzeczka macierzanka 250 ml (Herbal Brew Botanical Elixir)
E.LER-SOK.AWCR.250;Etykieta Leros Sok Acerolka jabłko rooibos 250 ml (Herbal Brew Power OF Herbs)
E.LER-SOK.AWCTB.250;Etykieta Leros Sok Acerolka truskawka kwiat czarnego bzu 250 ml (Herbal Brew Happy Kiss)
E.LER-SOK.GRANAT.500;Etykieta Leros sok z owoców granatu 100% 500ml (stava granatove jablko)
E.LER-SOK.IMBC.250;Etykieta Leros sok z imbiru z cytryną 100% 250ml (stava zazvor s citronem) 8594740550373
E.LER-SOK.JARON.250;Etykieta Leros sok z jabłek i aronii 250ml (baby štáva jablko + aronie)
E.LER-SOK.MAL.500;Etykieta Leros sok z malin 100% 500ml (šťáva malina)
E.LER-SOK.OCB.500;Etykieta Leros sok z owoców bzu czarnego 100% 500ml (stava černý bez)
E.LER-SOK.ROZA.500;Etykieta Leros sok z owoców dzikiej róży + 4 zioła 500ml (stava sipek + 4 byliny)
E.LER-SOK.SB.250;Etykieta Leros sok spokojny brzuszek 250ml (detska stava spokojene brisko)
E.LER-SYR.ARON.250;Etykieta Leros syrop z aronii 250ml (sirup aronie)
E.LER-SYR.BL.250;Etykieta Leros syrop z babki lancetowatej 250 ml
E.LER-SYR.DO.250;Etykieta Leros syrop drogi oddechowe - pulmoran 250ml (sirup cesty dychaci)
E.LER-SYR.DT.250;Etykieta Leros syrop dobre trawienie 250ml (sirup dobré zažívání)
E.LER-SYR.HIB.250;Etykieta Leros syrop z kwiatu hibiskusa 250ml(sirup ibisek)
E.LER-SYR.IMB.250;Etykieta Leros syrop z imbiru 250 ml
E.LER-SYR.IMB.400;Etykieta Leros Naše domácí - Zázvorový sirup (imbir)
E.LER-SYR.JEZ.250;Etykieta Leros syrop z jeżówki 250 ml (echinacea imunita)
E.LER-SYR.JEZ.400;Etykieta Leros Naše domácí - Ostružinový sirup (jeżyna)
E.LER-SYR.KCB.400;Etykieta Leros Naše domácí - Sirup z květů černého bezu (kwiat czarnego bzu)
E.LER-SYR.KML.250;Etykieta Leros syrop z kwiatów mniszka lekarskiego 250ml (sirup smetanka lékařská)
E.LER-SYR.KMP.250;Etykieta Leros syrop korzenny z mandarynką i pigwowcem 250ml (bylinkove vanoce)
E.LER-SYR.LAW.250;Etykieta Leros Syrop Lawendowy 250ml (levandulový sirup)
E.LER-SYR.LAW.400;Etykieta Leros Naše domácí - Levandulový sirup (lavenda)
E.LER-SYR.LAWU.250;Etykieta Leros syrop lawendowy uspokajający 250ml (sirup lavandulowe zklideni)
E.LER-SYR.MAL.250;Etykieta Leros syrop z malin 250ml (sirup malina)
E.LER-SYR.MAL.400;Etykieta Leros Naše domácí - Malinový sirup (malina)
E.LER-SYR.MIR.400;Etykieta Leros Naše domácí - Mirabelkový sirup (mirabelka)
E.LER-SYR.MSS.250;Etykieta Leros Magiczny syrop swiąteczny 250 ml (Sirup kouzelné vánoce)
E.LER-SYR.OCB.250;Etykieta Leros syrop z owoców czarnego bzu 250ml (sirup černý bez)
E.LER-SYR.OWL.400;Etykieta Leros Naše domácí - Sirup z lesního ovoce (owoce leśne)
E.LER-SYR.PSOS.250;Etykieta Leros syrop z pędów sosny 250 ml
E.LER-SYR.ROK.400;Etykieta Leros Naše domácí - Rakytníkový sirup (rokitnik)
E.LER-SYR.ROKROZA.250;Etykieta Leros syrop vitamina c immunita 250 ml (Rokitnik i dzika róża)
E.LER-SYR.ROZA.250;Etykieta Leros syrop z owoców dzikiej róży i malin 250ml (sirup sipek a malina)
E.LER-SYR.SPS.250;Etykieta Leros syrop klidny spanek 250 ml (Spokojny sen)
E.LER-SYR.TM.250;Etykieta Leros syrop z macierzanki i tymianku 250 ml
E.LER-SYR.TRU.400;Etykieta Leros Naše domácí - Jahodový sirup (truskawkowy)
E.LER-SYR.WIS.400;Etykieta Leros Naše domácí - Višňový sirup (wiśnia)
E.LER-SYR.ZIO.250;Etykieta Leros syrop bylinkova ocista 250 ml (Ziołowe Oczyszczenie)
E.LER-SYR.ZIOW.250;Etykieta Leros syrop bylinkova ocista 250 ml (Ziołowe Oczyszczenie wersja wielkanocna)
E.LER-SYR.ZUR.250;Etykieta Leros syrop z żurawiny 250ml (sirup brusinka)
E.LVN-SOK.IMBC.500;Etykieta Levann Immunity juice 500ml
E.MAJ-SOK.AWCT.250;Etykieta Majaland Sok Acerolka truskawka 250 ml
E.NAT-SOK.ARON.500;Etykieta Chokeberry juice 100% 500ml Nature Story
E.NAT-SOK.BORAM.500;Etykieta Blueberry juice 100% 500ml Nature Story
E.NAT-SOK.CB.500;Etykieta Elderberry juice 100% 500ml Nature Story
E.NAT-SOK.GRANAT.500;Etykieta Pomegranate juice 100% 500ml Nature Story
E.NAT-SOK.IMBC.500;Etykieta Ginger juice 500ml Nature Story
E.NAT-SOK.KURC.500;Etykieta Turmeric and Lemon Juice 500 ml Nature Story
E.NAT-SOK.SSLIW.500;Etykieta Prune Juice 500 ml Nature Story
E.NAT-SOKBIO.ARON.500;Etykieta Organic chokeberry juice 100% 500ml Nature Story
E.NAT-SOKBIO.BUR.500;Etykieta Organic beetroot juice 500 ml Nature Story
E.NAT-SOKBIO.CYT.500;Etykieta Organic lemon juice 100% 500ml Nature Story
E.NAT-SOKBIO.JAG.500;Etykieta Organic bilberry juice 100% 500 ml Nature Story
E.NAT-SOKBIO.OCB.500;Etykieta Organic Elderberry juice 100% 500ml Nature Story
E.NAT-SOKBIO.ROZA.500;Etykieta Organic rosehip juice 100% 500ml Nature Story
E.NAT-SOKBIO.ZUR.500;Etykieta Organic cranberry juice 100% 500ml Nature Story
E.NAT-SYR.OCB.250;Etykieta Nature Story syrop z owoców czarnego bzu 250ml
E.NAT-SYR.ZUR.250;Etykieta syrop żurawinowy Nature Story
E.PAU-SHOT.IMMU.100;Etykieta Paul Shot Immunity imbir z acerolą 100 ML
E.PRE-BOC.APER.1000;Etykieta Boccetta syrop Aperitif 1000ml
E.PRE-BOC.DYNIA.1000;Etykieta Boccetta syrop dyniowy 1000 ML
E.PRE-BOC.GREN.1000;Etykieta Boccetta syrop grenadina 1000 ML
E.PRE-BOC.HUGO.1000;Etykieta Boccetta syrop Hugo 1000ml
E.PRE-BOC.IMB.1000;Etykieta Boccetta syrop imbirowy 1000 ML
E.PRE-BOC.KAR.1000;Etykieta Boccetta syrop karmelowy 1000 ML
E.PRE-BOC.KCB.1000;Etykieta Boccetta syrop z kwiatu czarnego bzu 1000 ML
E.PRE-BOC.KOKOS.1000;Etykieta Boccetta syrop kokosowy 1000 ML
E.PRE-BOC.LAW.1000;Etykieta Boccetta syrop lawendowy 1000 ML
E.PRE-BOC.LIM.1000;Etykieta Boccetta syrop limonkowy 1000 ML
E.PRE-BOC.MAL.1000;Etykieta Boccetta syrop malinowy 1000 ML
E.PRE-BOC.MALLIM.1000;Etykieta Boccetta syrop Malina do lemoniady
E.PRE-BOC.MANGO.1000;Etykieta Boccetta syrop z mango 1000 ML
E.PRE-BOC.MANYU.1000;Etykieta Boccetta syrop Mango and YUZU
E.PRE-BOC.MOJI.1000;Etykieta Boccetta syrop Mojito 1000ml
E.PRE-BOC.OGOR.1000;Etykieta Boccetta syrop ogórkowy 1000 ML
E.PRE-BOC.ORZ.1000;Etykieta Boccetta syrop orzechowy 1000 ML
E.PRE-BOC.PIER.1000;Etykieta Boccetta syrop piernikowy 1000 ML
E.PRE-BOC.SUNR.1000;Etykieta Boccetta syrop Sunrise 1000ml
E.PRE-BOC.TRU.1000;Etykieta Boccetta syrop truskawkowy 1000 ML
E.PRE-BOC.WAN.1000;Etykieta Boccetta syrop waniliowy 1000 ML
E.PRE-KON.JAG.1000;Etykieta Konfitura z jagód 1kg
E.PRE-KON.JAG.320;Etykieta Konfitura z jagód 320g
E.PRE-KON.MAL.1000;Etykieta Konfitura z malin 1kg
E.PRE-KON.MAL.320;Etykieta Konfitura z malin 320g
E.PRE-KON.MALWCLE;Etykieta Przysmak z malin z wanilią i cynamonem LE 190g 5902036007204
E.PRE-KON.ROZA.1000;Etykieta Konfitura z płatków róży 1kg
E.PRE-KON.ROZA.340;Etykieta Płatki róż w cukrze 340g
E.PRE-KON.ROZA.350;Etykieta Konfitura z płatków róży 350g
E.PRE-KON.TRU.1000;Etykieta Konfitura z truskawek 1kg
E.PRE-KON.TRU.320;Etykieta Konfitura z truskawek 320g
E.PRE-KONBIO.ARON.120;Etykieta Konfitura z aronii bio 120 g
E.PRE-LEM.IMB.330;ETYKIETA LEMONIADA Z IMBIRU 330 ML
E.PRE-LEM.LAW.330;ETYKIETA LEMONIADA Z LAWENDY 330 ML
E.PRE-LEM.MM.330;ETYKIETA LEMONIADA Z MIĘTY I MELISY 330 ML
E.PRE-LEM.ROZA.330;ETYKIETA LEMONIADA Z PŁATKÓW RÓŻY 330 ML
E.PRE-NAP.ASHA.250;Etykieta napój z jabłek, ananasa i ashwagandy bez cukru 250 ml
E.PRE-NAP.ASHM.250;Etykieta napój z jabłek, mango i ashwagandy bez cukru 250 ml
E.PRE-NAP.ASHR.250;Etykieta napój z jabłek, rokitnia i ashwagandy bez cukru 250 ml
E.PRE-NAP.ASHZ.250;Etykieta napój z jabłek, żurawiny i ashwagandy bez cukru 250 ml
E.PRE-NAP.IMIMB.150;Etykieta Immunity shot 150 ml
E.PRE-NAP.OWMW.500;Etykieta Zimowy napój owocowy z mandarynką i wanilią LE 500 ml 5902036007242
E.PRE-NAP.REDGIN.100;Etykieta Red ginseng shot 100 ml
E.PRE-NAP.REDGINZUR.100;Etykieta Red ginseng shot with cranberry 100 ml
E.PRE-NAP.ZUR.100;Etykieta Kombe Shot Cranberry
E.PRE-NOLO.APER.250;Etykieta NOLO Syrop APERITIF 250 ml
E.PRE-NOLO.APER.250 CZ;Etykieta NOLO Syrop APERITIF 250 ml Czeska
E.PRE-NOLO.HUGO.250;Etykieta NOLO Syrop HUGO 250 ml
E.PRE-NOLO.HUGO.250 CZ;Etykieta NOLO Syrop HUGO 250 ml Czeska
E.PRE-NOLO.MOJI.250;Etykieta NOLO Syrop MOJITO 250 ml
E.PRE-NOLO.MOJI.250 CZ;Etykieta NOLO Syrop MOJITO 250 ml Czeska
E.PRE-NOLO.PASS.250;Etykieta NOLO Syrop PASSIONSTAR 250 ml
E.PRE-NOLO.SUNR.250;Etykieta NOLO Syrop SUNRISE 250 ml
E.PRE-NOLO.SUNR.250 CZ;Etykieta NOLO Syrop SUNRISE 250 ml Czeska
E.PRE-SHOT.ANTY.100;Etykieta Shot Antioxid kurkuma z mandarynką i czarnym pieprzem 100 ML
E.PRE-SHOT.ENER.100;Etykieta Shot Energy wiśnia z żeń-szeniem 100 ML
E.PRE-SHOT.IMMU.100;Etykieta Shot Immunity imbir z acerolą 100 ML
E.PRE-SOK.ARON.250;Etykieta Sok z aronii 100% 250ml
E.PRE-SOK.ARON.500;Etykieta Sok z aronii 100% 500ml
E.PRE-SOK.AWC.250;Etykieta Sok Acerolka jabłko 250 ml
E.PRE-SOK.AWCM.250;Etykieta Sok Acerolka mango 250 ml
E.PRE-SOK.AWCP.250;Etykieta Sok Acerolka czarna porzeczka 250 ml
E.PRE-SOK.AWCT.250;Etykieta Sok Acerolka truskawka 250 ml
E.PRE-SOK.BORAM.250;Etykieta Sok z borówki amerykańskiej 100% 250ml
E.PRE-SOK.BORAM.500;Etykieta Borówka amerykańska 100% 500ml
E.PRE-SOK.CB.250;Etykieta Sok z czarnego bzu 100% 250ml
E.PRE-SOK.GRANAT.500;Etykieta Sok z owoców granatu 100% 500ml
E.PRE-SOK.GRAV.500;Etykieta Sok z gravioli 100 % 500 ml
E.PRE-SOK.IMB.250;Etykieta Sok z imbiru 100% 250ml
E.PRE-SOK.IMBC.500;Etykieta Sok z imbiru z cytryną 100% 500ml
E.PRE-SOK.JAG.500;Etykieta Sok z jagód 100% 500ml
E.PRE-SOK.KURC.250;Etykieta Sok z kurkumy z cytryną 250 ml
E.PRE-SOK.MAL.250;Etykieta Sok z malin 100% 250ml
E.PRE-SOK.MAL.500;Etykieta Sok z malin 100% 500ml
E.PRE-SOK.OCB.500;Etykieta Sok z owoców bzu czarnego 100% 500ml
E.PRE-SOK.POK.500;Etykieta Sok z pokrzywy 500ml
E.PRE-SOK.ROK.500;Etykieta Sok z rokitnika 100% 500ml
E.PRE-SOK.WITCN.250;Etykieta Sok z owoców dzikiej róży 250ml
E.PRE-SOK.ZUR.500;Etykieta Sok z żurawiny 100% 500ml
E.PRE-SOKBIO.ARON.500;Etykieta Sok z aronii bio 100% 500ml
E.PRE-SOKBIO.BUR.250;Etykieta Sok z buraka bio 250 ml
E.PRE-SOKBIO.CB.500;Etykieta Sok z owoców bzu czarnego bio 100% 500ml
E.PRE-SOKBIO.JAG.500;Etykieta Sok z jagód bio 100% 500 ml
E.PRE-SOKBIO.MAL.500;Etykieta Sok z malin bio 100% 500ml
E.PRE-SOKBIO.ROK.500;Etykieta Sok z rokitnika bio 100% 500ml
E.PRE-SOKBIO.ROZA.500;Etykieta Sok z owoców róży bio 100% 500ml
E.PRE-SOKBIO.ZUR.500;Etykieta Sok z żurawiny bio 100% 500ml
E.PRE-SOKSD.ALOE.500;Etykieta Sok z aloesu suplement diety 500 ml
E.PRE-SOKSD.JAGZ.500;Etykieta Sok z jagód + 5 ziół suplement diety 500ml
E.PRE-SOKSD.POKC.500;Etykieta Sok z pokrzywy z czystkiem suplement diety 500ml
E.PRE-SOKSD.ROZA.250;Etykieta Sok z owoców dzikiej róży suplement diety 250ml
E.PRE-SOKSD.ROZAZ.500;Etykieta Sok z owoców dzikiej róży + 4 zioła suplement diety 500ml
E.PRE-SOKSD.ZURZ.500;Etykieta Sok z żurawiny + 7 ziół suplement diety 500ml
E.PRE-SYR.ARON.400;Etykieta syrop aroniowy Nasze Domowe 400 ml
E.PRE-SYR.CP.400;Etykieta Syrop z czarnej porzeczki 400ml
E.PRE-SYR.CZP.400;Etykieta Syrop z czerwonej porzeczki 400ml
E.PRE-SYR.GRUCG.400;Etykieta Syrop z gruszki z goździkami i cynamonem 400ml
E.PRE-SYR.IMB.250;Etykieta Syrop z imbiru niskosłodzony 250 ml
E.PRE-SYR.IMB.400;Etykieta Syrop z imbiru 400ml
E.PRE-SYR.KCB.400;Etykieta Syrop z kwiatów bzu czarnego 400ml
E.PRE-SYR.KM.250;Etykieta Syrop korzenny z miodem 250ml
E.PRE-SYR.KMLE.250;Etykieta Syrop korzenny edycja limitowana 250ml 5902036007198
E.PRE-SYR.KMP.250;Etykieta Syrop korzenny z mandarynką i pigwowcem 250ml
E.PRE-SYR.KMPLE.250;Etykieta Syrop korzenny z mandarynką i pigwowcem edycja limitowana 250ml
E.PRE-SYR.KSM.250;Etykieta Syrop korzenny ze śliwką i maliną 250ml
E.PRE-SYR.LAW.400;Etykieta Syrop z lawendy 400 ml
E.PRE-SYR.MAL.250;Etykieta Syrop z malin 250ml
E.PRE-SYR.MAL.400;Etykieta Syrop z malin 400ml
E.PRE-SYR.MAL.500;Etykieta Syrop z malin 500ml
E.PRE-SYR.MALCG.400;Etykieta Syrop z malin z cynamonem i goździkami 400ml
E.PRE-SYR.MALIMB.400;Etykieta Syrop z malina z imbirem 400 ml
E.PRE-SYR.MALROZA.250;Etykieta Syrop z owoców dzikiej róży i malin 250ml
E.PRE-SYR.MALROZA.400;Etykieta Syrop z owoców dzikiej róży i malin 400ml
E.PRE-SYR.OCB.250;Etykieta Syrop z owoców czarnego bzu 250ml
E.PRE-SYR.OCB.400;Etykieta Syrop z owoców czarnego bzu 400ml
E.PRE-SYR.PIGW.400;Etykieta Syrop z pigwowca 400ml
E.PRE-SYR.PR.250;Etykieta Syrop z pigwowca i rokitnika 250ml
E.PRE-SYR.PSOS.250;Etykieta syrop z pędów sosny 250 ml
E.PRE-SYR.RA.400;Etykieta Syrop z rabarbaru i agrestu 400 ml
E.PRE-SYR.RT.400;Etykieta Syrop z rabarbaru i truskawek 400 ml
E.PRE-SYR.SGC.400;Etykieta Syrop ze śliwek z goździkami i cynamonem 400ml
E.PRE-SYR.WIS.400;Etykieta Syrop z wiśni 400 ml
E.PRE-SYR.WISCG.400;Etykieta Syrop z wiśni z goździkami i cynamonem 400ml
E.PRE-SYR.ZUR.250;Etykieta Syrop z żurawiny 250ml
E.PRE-SYR.ZUR.400;Etykieta Syrop z żurawiny 400ml
E.PRE-SYRIM.IMB.250;Etykieta Syrop imbir inulina miód 250 ml
E.PRE-SYRIM.IMB.250 CZ;Etykieta Czeska Syrop imbir inulina miód 250 ml
E.PRE-SYRIM.MAL.250;Etykieta Syrop malina inulina miód 250 ml
E.PRE-SYRIM.MAL.250 CZ;Etykieta Czeska Syrop malina inulina miód 250 ml
E.PRE-SYRIM.ROZA.250;Etykieta Syrop róża inulina miód 250 ml
E.PRE-SYRIM.ROZA.250 CZ;Etykieta Czeska Syrop róża inulina miód 250 ml
E.PRE-SYRK.CYN.250;Etykieta Taste of adventure syrop do kawy cynamon 250 ml
E.PRE-SYRK.SLIWCZ.250;Etykieta Taste of adventure syrop do kawy śliwka w czekoladzie 250 ml
E.PRE-SYRSD.BL.250;Etykieta Syrop z babki lancetowatej suplement diety 250 ml
E.PRE-SYRSD.DZIE.250;Etykieta Syrop z kwiatu dziewanny suplement diety 250ml
E.PRE-SYRSD.JEZ.250;Etykieta Syrop z jeżówki suplement diety 250 ml
E.PRE-SYRSD.KML.250;Etykieta Syrop z kwiatów mniszka lekarskiego suplement diety 250ml
E.PRE-SYRSD.MM.250;Etykieta Syrop z mięty i melisy suplement diety 250ml
E.PRE-SYRSD.PSOS.250;Etykieta Syrop z pędów sosny suplement diety 250ml
E.PRE-SYRSD.TM.250;Etykieta Syrop z tymianku i macierzanki suplement diety 250ml
E.SOL-SYR.IMB.250;Etykieta Solevita syrop z imbiru 250 ml
E.SOL-SYR.KM.250;Etykieta Solevita syrop korzenny z miodem 250ml
E.SOL-SYR.KMP.250;Etykieta Solevita syrop korzenny z mandarynką i pigwowcem 250ml
E.SOL-SYR.KSM.250;Etykieta Solevita syrop korzenny ze śliwką i maliną 250ml
E.SOL-SYR.MAL.250;Etykieta Solevita syrop malinowy 250 ml
E.SOL-SYR.OCB.250;Etykieta Solevita syrop z owocu czarnego bzu 250 ml
E.VIG-NAP.BEA.100 AT;Etykieta VIGO Kombucha Shot Beauty Austria
E.VIG-NAP.BEA.100 CH;Etykieta VIGO Kombucha Shot Beauty Szwajcaria
E.VIG-NAP.BEA.100 CZ;Etykieta VIGO Kombucha Shot Beauty Czechy
E.VIG-NAP.BEA.100 DE;Etykieta VIGO Kombucha Shot Beauty Niemcy
E.VIG-NAP.BEA.100 EE;Etykieta VIGO Kombucha Shot Beauty Estonia
E.VIG-NAP.BEA.100 FR;Etykieta VIGO Kombucha Shot Beauty Francja
E.VIG-NAP.BEA.100 GB;Etykieta VIGO Kombucha Shot Beauty Anglia
E.VIG-NAP.BEA.100 HU;Etykieta VIGO Kombucha Shot Beauty Węgry
E.VIG-NAP.BEA.100 IL;Etykieta VIGO Kombucha Shot Beauty Izrael
E.VIG-NAP.BEA.100 PL;Etykieta VIGO Kombucha Shot Beauty Polska
E.VIG-NAP.BEA.100 PT;Etykieta VIGO Kombucha Shot Beauty Portugalia
E.VIG-NAP.BEA.100 SK;Etykieta VIGO Kombucha Shot Beauty Słowacja
E.VIG-NAP.CBD.100 GB;Etykieta VIGO Kombucha Shot CBD Anglia
E.VIG-NAP.CBD.100 PL;Etykieta VIGO Kombucha Shot CBD Polska
E.VIG-NAP.SEN.100 GB;Etykieta VIGO Kombucha Shot Sleep Anglia
E.VIG-NAP.SEN.100 HU;Etykieta VIGO Kombucha Shot Sleep Węgry
E.VIG-NAP.SEN.100 PL;Etykieta VIGO Kombucha Shot Sleep Polska
EANFIG;ETYKIETA ANTIDOTUM FIGURA 150 ML
EANOCZY;ETYKIETA ANTIDOTUM OCZYSZCZENIE 150 ML
EANODP;ETYKIETA ANTIDOTUM ODPORNOŚĆ 150 ML
EANREL;ETYKIETA ANTIDOTUM RELAKS 150 ML
EANURO;ETYKIETA ANTIDOTUM URODA 150 ML
EANWIT;ETYKIETA ANTIDOTUM WITALNOŚĆ150 ML
EARONEMART;etykieta ARONIA 100 % EMART
EBA500;ETYKIETA BORÓWKA AMERYKAŃSKA 500 ML
ECBEMART;etykieta czarny bez 100 % EMART
EDOZBIOAWC;Etykiata zielnik doz bio acerola 500 ml
EDOZBIOAWC250;Etykiata zielnik doz bio acerola 250 ml
EDOZBIOMA;Etykiata zielnik doz bio malina 500 ml
EDOZGRAV500;ETYKIETA ZIELNIK DOZ SOK Z GRAVIOLI 500 ML
EEXBIOJAG;ETYKIETA SOK Z BIO JAGODY MR. WILDER 500 ML
EGOBIO;Etykieta Ekologiczny syrop malinowy GO BIO 250ml
EHJMARON;Etkieta herbarium sok aroniowy250 ml
EHJMAWC;ETYKIETA HERBARIUM SOK Z JABŁKA I ACEROLI 250 ML
EHJMCB;Etkieta herbarium sok czarny bez 250 ml
EHJMSCBP;Etkieta herbarium syrop czarny bez 250 ml
EHJMSHP;Etkieta herbarium syrop z kwiatu hibiskusa 250 ml
EHJMSIP;Etkieta herbarium syrop z imbiru 250 ml
EHJMSRMP;Etkieta herbarium syrop różano malinowy 250 ml
EHJMZUR;Etkieta herbarium sok zurawinowy 250 ml
EHZHDC;Etykieta Herbata ziołowa harmonia duszy i ciała 40g
EHZKD;Etykieta Herbata ziołowa kobiece dni 40g
EHZO;Etykieta Herbata ziołowa odporność 40g
EHZPC;Etykieta Herbata ziołowa piękne ciało 40g
EHZS;Etykieta Herbata ziołowa sylwetka 40g
EHZT;Etykieta Herbata ziołowa trawienie 40g
EHZW;Etykieta Herbata ziołowa wyciszenie 40g
EKANB330;ETYKIETA SOK Z BRZOZY 330 ML
EKANBIOARON;etykieta aronia bio 100 %
EKANBIOJAG;etykieta bio jagoda 100 %
EKANBIOMA;etykieta bio malina 100 %
EKANBIOROK;etykieta bio rokitnik 500 ml
EKANBIOZUR;etykieta 100% żurawina Bio
EKANBR330;ETYKIETA SOK Z BRZOZY Z RÓŻĄ 330 ML
EKANBR750;ETYKIETA SOK Z BRZOZY Z RÓŻĄ 750 ML
EKANGL;etykieta 100% sok z owoców głogu
EKANGR;etykieta 100% sok z owoców granatu
EKANGRAV;ETYKIETA SOK Z GRAVIOLI 500 ML
EKANPOK;Etykieta sok z pokrzywy 500 ml
EKANSDSBLP;Etykieta Suplement Diety Syrop z babki lancetowatej 250 ml
EKANSDSJP;Etykieta Syrop z jeżówki 250ml
EKANSDSKDP;Etykieta Suplement Diety Syrop zkwiatu dziewanny 250 ml
EKANSMTP;Etykieta Syrop z macierzanki i tymianku 250ml
EKOBIOARON500;etykieta BIO ARONIA 100 % KOREA
EKP170;Etykieta Płatki rózy w syropie 170 G Krakowski Kredens
EKST CYN VIMAX;Ekstrakt cynamon VIMAX V710064
EKST Coconut;Coconut extract 43129 Boccetta
EKST KCB;Ekstrakt Kwiat czarnego bzu CZ
EKST KCB Kof;Ekstrakt kwiatu bzu Boccetta kofola
EKST ROOIB;Ekstrakt Rooibos CZ
EKST ROZA VIGO;Ekstrakt róży z 50% wit. C VIGO
EKST.BIOIMB;Ekstrakt z imbiru bio
EKST.MIETA;Ekstrakt z mięty
EKST.POM EPO;Ekstrakt z pomarańczy Bitter orange EPO 0202820
EKST.PRAWO;Ekstrakt prawoślazu
EKST.SOSNA;Ekstrakt z pędów sosny
EKST.ZENSZ;Ekstrakt z żeń-szenia
EKST.ZIEL.KAWA;Ekstrakt zielona kawa
EKUFEREK;ETYKIETA NA KUFEREK PREZENTOWY
EKUR500;ETYKIETA SOK Z KURKUMY Z CYTRYNĄ 100% 500ml
ELBIOMA;etykieta leros bio malina 100 % 500 ml
ELBIOROZA;ETYKIETA LEROS BIO SOK Z DZIKIEJ RÓZU 500 ML 100 %
ELCB00;etykieta leros czarny bez 500 ml
ELEMKCB;ETYKIETA LEMONIADA Z KWIATU CZARNEGO BZU 330 ML
ELIDLROKJC250;etykieta LIDL sok z rokitnika, jabłek i cytryny 250 ML
ELIDLROKJI250;etykieta LIDL sok z rokitnika, jabłek i imbiru 250 ML
ELIDLROKJK250;etykieta LIDL sok z rokitnika, jabłek i kurkumy 250 ML
ELIDLSCBP;etykieta LIDL syrop czarny bez 250 ML
ELIDLSIP;etykieta LIDL syrop imbirowy 250 ML
ELIDLSMP;etykieta LIDL syrop malina 250 ML
ELIMB;ETYKIETA LEMONIADA Z IMBIRU 330 ML
ELJAGZ;Etykieta leros sok z jagody z kompleksem ziół 500 ml
ELKCB;ETYKIETA LEMONIADA Z KWIATU CZARNEGO BZU I MIĘTY 330 ML
ELLA;ETYKIETA LEMONIADA Z LAWENDY 330 ML
ELMM;ETYKIETA LEMONIADA Z MIĘTY I MELISY 330 ML
ELPCZ;ETYKIETA LEMONIADA POKRZYWA Z CZYSTKIEM 330 ML
ELPR;ETYKIETA LEMONIADA Z PŁATKÓW RÓŻY 330 ML
ELROK500;etykieta leros 100% sok z rokitnika 500 ml
ELZM;ETYKIETA LEMONIADA ŻURAWINA I MALINA 330 ML
EM CYT MAG;EkaMedica cytrynian magnezu uwodniony STANDARD
EM CYT MAG BEZ;EkaMedica cytrynian magnezu bezwodny
EM D-MAN;EkaMedica D-mannoza
EM DWU CHOL;EkaMedica dwuwinian choliny
EM EKST 20 ZIOL;EkaMedica ekstrakt gesty z 20 ziol Greenvit
EM EKST ASHA;EkaMedica ekstrakt z korzenie ashwagandhy STANDARD
EM EKST KARCZOCH;EkaMedica ekstrakt z karczocha
EM EKST MNI;EkaMedica ekstrakt z korzenia mniszka
EM EKST NAW;EkaMedica ekstrakt z nawloci
EM EKST OSTR;EkaMedica ekstrakt z ostropestu
EM EKST POK;EkaMedica ekstrakt z pokrzywy
EM EKST ZJEŻ;EkaMedica ekstrakt z ziela jeżówki 4:1
EM KC BW;EkaMedica kwas cytrynowy bezwodny
EM KON CYT 45;EkaMedica koncentrat cytryna 45 brix
EM KON GRANAT 65;EkaMedica koncentrat z granatu 65 brix
EM KON MANGO 65;EkaMedica koncentrat mango 65 brix Agrotex
EM KON PIGWA 65;EkaMedica koncentrat pigwa 65 brix Agrotex
EM KON SLIW 65;EkaMedica koncentrat ze sliwki 65 brix
EM KON ZUR 50;EkaMedica koncentrat zurawina 50 brix
EM WIT B6;EkaMedica witamina B6
EM WIT C;EkaMedica witamina C
EMU Clouding;Clouding emulsion 06100064 Boccetta Kofola
EMU Yellow;Colour emulsion 5.17564 yellow Boccetta Kofola
EPRC170;Etykieta Przecier z płatkow róży 170 G Krakowski Kredens
ESDAWC;etykieta SUPLEMENT DIETY sok z aceroli
ESDAWC500;Etykieta Suplement Diety Acerola z jabłkiem 500 ml
ESDSSP;Etykietieta suplement diety syrop z pędów sosny 250 ml
ESIP;Etykieta syrop z imbiru niskosłodzony 250 ML
ESPR;Etykieta syrop z płatków róży Nasze Domowe 400 ml
ETY.BIA.100X100;Etykiety białe 100mm x 100mm
ETY.BIA.70X42,3;Etykiety białe 70mm x 42,3mm
FILTR.NMO.600;Filtr NMO-600-P02A-40L
FILTR.POF.200;Filtr POF-200-P02E-30L
FOL.BAB;folia bąbelkowa
FOL.KAP;folia kapturowa
FOL.MAS.23;Folia maszynowa 23 microny
FOL.STR.BB;Folia stretch ręczny bezbarwny
FOL.STR.CZ;Folia stretch ręczny czarny
FOL.TER.300;folia termokurczliwa rozmiar 300 mm
FOL.TER.450;folia termokurczliwa rozmiar 450 mm
Folia VIGO;Opakowanie zbiorcze folia 12 sztuk VIGO
GCnH;Gumki supełek czas na herbatę
GKK;Gumki FI 16 KRAKOWSKI KREDENS
GOZ;Goździki
HERBKARTONSYROP;Herbarium karton syropy 250 ml 12 sztuk
HERBWIECZKOSYROP;Wieczko syrop herbarium 12 sztuk
IMB;Imbir
IMB MIELONY VIGO;Imbir Mielony VIGO
JARMUZ;Jarmuz
KALK.ETY;Kalka do etykiet
KANISTER JERRY;Kanister jerry 2l
KAPCH;Kapturek ch 100x100
KAPCHS;Kapturek swiateczny ch 100x100
KARD-L;Kardamon łuskany
KARTMIX18;Karton mix soków 18 szt
KARTON KUFER;Karton na kuferek prezentowy
KARTON POJEMNIKI;Opakowanie zbiorcze na pojemniki plastikowe
KARTON6;Opakowanie zbiorcze na soki EXPORT
KARTON6X500;Opakowanie zbiorcze na soki 500ML 6 sztuk
KARTONALDI6;Opakowanie zbiorcze na soki 6 szt aldi
KARTONBER6X500;Opakowanie zbiorcze na soki BERRIFINE L 6 sztuk
KARTONPREZENT;Karton prezentowy 3 szt + wkładka
KARTONSW2025;Karton swiateczny uniwersalny 2025
KARTONSW3;Karton swiateczny 3 sztuki
KARTONSW4;Karton swiateczny 4 sztuki
KARTONSYROP12;Opakowanie zbiorcze na syropy 12 szt premium rosa
KARTONWIEKO12SOL;Opakowanie zbiorcze na syropy 12 szt Solevita
KARTONZESTAW4;Karton logistyczny na zestawy swiateczne 4 sztuki
KASHW;Korzeń ashwagandy
KBEZ;Kwiat Bzu
KC;Kwas cytynowy
KCB;Kwiat czarnego bzu
KCBEZ;Kwas cytrynowy (anhydrat)
KDZIE;KWIAT DZIEWANNY SUSZONY
KH;Kwiat Hibiskusa cięty
KL;Kwiat lipy
KLAW;Kwiat lawendy suszony
KNAG;Kwiat nagietka
KOLAGEN VIGO;Kolagen VIGO
KOM BIO VIGO;Kombucha Doehler BIO VIGO
KOMNI;Korzeń mniszka
KON AWC BIO;Koncentrat z aceroli bio w proszku
KON BIO BUR;Koncentrat bio burak
KON GRANAT;Koncentrat z granatu klarowny
KON JAB K;Koncentrat jabłka klarowny
KON LIM M;Koncentrat limonki mętny
KON MAL;Koncentrat malinowy
KON MANGO;Koncentrat soku z mango
KON MAR;Koncentrat z marakui
KON Mal Kof;Koncentrat soku malinowego (8 % soku) Boccetta
KON Man;Koncentrat soku mango 8.12938 Boccetta
KON OL;Koncentrat owoców leśnych Kofo 3 Boccetta Kofola
KON POM;Koncentrat z pomarańczy mętny
KON SLIW 65;Koncentrat ze śliwki 65 brix
KON SUSZ SLIW;Koncentrat z suszonych śliwek
KON Tru Kof;Koncentrat soku truskawkowego Boccetta Kofola
KON WINB;Koncentrat z białych winogron
KON WIS;Koncentrat z wiśni
KON ZUR;Koncentrat żurawinowy
KON_202;Sorbinian potasu
KON_E211;Benzoesan sodu
KOSH KON AWC 65;KOSHER Koncentrat z aceroli 65 BRIX
KOSH PULP BAN;KOSHER Pulpa z bananów
KOSH PULP MANGO;KOSHER Pulpa z mango
KOSH PULP TRUSK;KOSHER Pulpa z truskawek
KOSH SJ;KOSHER Sok jabłkowy
KOSH SOKAC;KOSHER Sok z aceroli
KOSH SOKMAND;KOSHER Sok z mandarynki
KPAP100;Kartonik pod pojemik aronia liofilizowana 100 g
KPAP50;Kartonik pod pojemik aronia liofilizowana 50 g
KPBIOAP100;Kartonik pod pojemik aronia bio liofilizowana 100 g
KPBIOAP50;Kartonik pod pojemik aronia bio liofilizowana 50 g
KPBIOCB100;Kartonik pojemik czarny bez bio liofilizowany 100 g
KPCB50;Kartonik pod pojemik czarny bez liofilizowany 50 g
KRATOWNICA4BOC;Kratownica 4 Boccetta
KRATOWNICA6;Kratownica 6
KRATOWNICABER6X500;Kratownica BERRIFINE 6x500 ML
KUR;Kurkuma mielona
LAC ACID VIGO;Lactobacillus Acidophilus VIGO
LAC PLAN VIGO;Lactobacillus Plantarum VIGO
LAVEN;MIESZANKA ZIÓŁ Lavandulowe Zklideni
LB;Liśc borówki brusznicy
LBAB;Liść babki lancetowatej
LBRZ;Liśc brzozy
LEROS Čajový dýchánek Máta;LEROS Čajový dýchánek Máta
LM;Liśc mięty
LME;Liśc melisy
LPOK;Liść pokrzywy suszony
LZHER;Liśc zielonej herbaty
MIOD;Miód wielokwiatowy naturalny ratos
MKCB;Mrozony kwiat czarnego bzu
MMNI;Mniszek lekarski mechanicznie zbierany
MNI;Mniszek lekarski - kwiat
MPR;Mrożone płatki róży
NAR.TEK;narożniki tekturowe
NECJ;Pektyna cytrusowo-jabłkowa necj-a!
NERVI;Nervinae
NOLOKARTON16;Opakowanie zbiorcze na syropy NOLO 250 ml karton i wieczko 16 sztuk
NOLOKARTON16BIALY;Opakowanie zbiorcze na syropy NOLO 250 ml biały karton i wieczko 16 sztuk
NOLOKARTON4SHAKER;Opakowanie zbiorcze na syropy NOLO 250 ml z shakerem karton i wieczko 4 sztuki
NOLOKARTON8;Opakowanie zbiorcze na syropy NOLO 250 ml karton i wieczko 8 sztuk
Naturalny aromat mango;Naturalny aromat mango
OAEBIO;Owoce Aronii BIO extra
OARON;Owoce aronii
OBA;Owoc Borówki Amerykańskiej
OCB;Owoce czarnego bzu
OCBBIO;Owoce czarnego bzu BIO
OCBBIOT;Owoce czarnego bzu BIO do tloczenia
OCET VIGO;Ocet Jabłkowy BIO 5% VIGO
OCIST;Mieszanka ziół bylinkowa ocista
OCJ;Owoce Czarnej Jagody
OCJBIO;Owoce Czarnej Jagody BIO
OCJBIOT;Owoce Czarnej Jagody BIO tloczenie
OCJT;Owoce Czarnej Jagody tloczenie
OCP;Owoce czarnej porzeczki
OJEBIO;Owoce jeżyny EKOLOGICZNE
OKOP;Owoc kopru włoskiego
OMBIO;Owoce malin tlocznia bio
OME;Owoce maliny extra
OMG;Owoce malin grys
OMT;Owoce malin
OR;Owoce róży rugosa
ORC;Owoce róży canina
ORE;Owoce Róży Ekologiczne
OT;Owoce Truskawki
OW;Owoce wiśni
OWBIO;Owoce wiśni BIO
OWE;Owoce wiśni extra
OZ;Owoc żurawiny
OZB;Owoce żurawiny błotnej
OZBBIO;Owoce żurawiny błotnej bio
OZW;Owoce żurawiny wielkoowocowej
OZWBIO;Owoce żurawiny wielkoowocowej bio
PALE;Palety euro
PALEPRZEM;Palety przemysłowe 100x120
PALETA 1/2;Paleta 80x60
PAN;Panzym
PET250;Butelka zpet 250 ml
POJ 200;Pojemnik hdpe 200 ml
POK;Pokrzywa
PPRC;Przecier z płatków róży w cukrze
PR;Płatki róży
PRE-SOKBIO.IMB.1KG;Sok z imbiru BIO (towar) 1kg
PRZ JAB;Przecier jabłkowy NFC
PRZ.TEK;przekładki tekturowe
PRZEK;Przekładki paletowe
PULP AWC;Puree z aceroli
PULP BAN;Pulpa z bananów
PULP BRZOS;Pulpa z brzoskwini
PULP MALINA;Malina purree
PULP MANGO;Pulpa z mango
PULP MANGO KOFOLA;Mango purree
PULP TRUSK;Pulpa z truskawek
Pieprz.Czar.Miel;Pieprz czarny mielony
PieprzCayenne;Pieprz Cayenne
ROSE FIRMENICH VIGO;Rose Firmenich VIGO
SA;Sok Aroniowy
SABIO;Sok z owoców aronii bio 100 %
SAC;Sok z aceroli do jabłka
SACBIO;Sok z aceroli bio
SALOE;SOK Z ALOESU
SAN;Sok z ananasa
SC;Sok z cytryny
SCBIO;Sok z cytryny BIO
SCYUZU;Cloudy NFC yuzu sok
SGR;Sok z owoców granatu 100 %
SGR UE;Sok z owoców granatu 100% z Unii Europejskiej (pod eksport)
SGRAV;Sok z gravioli
SJ;Sok jabłkowy
SJBIO;Sok jabłkowy BIO
SL.TO225DEEP;Słój to225
SL.TO240;Słój to 240 ml
SL.TO300DEEP;Słój to300
SLEEVE BOCCETTA;Sleeve otwarty boccetta
SOK JAB VIGO;Sok Jabłkowy BIO VIGO
SOK LIM PROSZEK;Sok limonkowy w proszku
SOKAC;Sok z aceroli
SOKBA;Sok z borówki amerykańskiej
SOKCB;Sok czarny bez nfc
SOKCBBIO;Bio sok z czarnego bzu
SOKCP;SOK Z CZARNEJ PORZECZKI NFC
SOKCZP;Sok z czerwonej porzeczki
SOKGRU;Sok z gruszki NFC
SOKIMB;Sok z imbiru
SOKIMBBIO;Sok z imbiru BIO (surowiec)
SOKJEZ;Sok z jeżyny
SOKKUR;Sok z kurkumy z dodatkiem cytryny
SOKMAL;Sok z malin
SOKMAND;Sok z mandarynki
SOKMIR;Sok z mirabelki
SOKPIG;Sok z pigwowca
SOKPOK;Sok z pokrzywy
SOKRAB;Sok z rabarbaru nfc
SOKSL;Sok ze śliwki
SOKTR;Sok z truskawek nfc
SOKWINC;Sok z winogron ciemny
SOKZ;Sok żurawinowy
SOKZB;Sok z owoców żurawiny błotnej
SOKZW;Sok z owoców żurawiny wielkoowocowej
SOL;Sól
SORPOT;Sorbinian potasu
SOZBBIO;Sok z owoców żurawiny błotnej bio 100 %
SOZBIO;Sok żurawinowy bio 100 %
SOZWBIO;Sok z owoców żurawiny wielkoowocowej bio 100 %
SPANEK;Klidny spanek spokojny sen mieszanka ziół
SPR;Suszone płatki róży
SR;Sok rokitnika
SRBIO;Sok rokitnika bio
SROZA;Sok dzikiej róży canina
SROZAR;Sok dzikiej róży rugosa
STICKER.NOLO.APER.CZ;Sticker na zgrzewkę NOLO APERITIF CZ
STICKER.NOLO.HUGO.CZ;Sticker na zgrzewkę NOLO HUGO CZ
STICKER.NOLO.MOJI.CZ;Sticker na zgrzewkę NOLO MOJITO CZ
STICKER.NOLO.SUNR.CZ;Sticker na zgrzewkę NOLO SUNRISE CZ
STIK ARON NS;Stiker aronia nature story
STIK BA NS;Stiker borówka amerykańska nature story
STIK BIO ARON BOWL;Stiker bio aronia bowl
STIK BIO BUR NS;Stiker bio burak nature story
STIK BIO JAG WB;Sticker BERRIFINE Organic bilberry juice 100% 500 ml
STIK BIO MA NS;Stiker bio malina nature story
STIK BIO OCB WB;Sticker BERRIFINE Organic Elderberry juice 100% 500ml
STIK BIO ROZA 7A;Stiker bioroza 7angel
STIK BIO WIS WB;Sticker BERRIFINE Organic cherry juice 100% 500 ml
STIK BIO ZUR 7A;Stiker biozur 7angel
STIK BIO ZUR WB;Sticker BERRIFINE Organic cranberry juice 100% 500ml
STIK BIOARON NS;Stiker bio aronia nature story
STIK BIOJAG NS;Stiker biojag nature story
STIK BIOROZA NS;Stiker bioroza nature story
STIK BIOZUR NS;Stiker biozur nature story
STIK CB NS;Stiker czarny bez nature story
STIK GR NS;Stiker granat nature story
STIK GRAV NS;Stiker graviola nature story
STIK IMB NS;Stiker imbir nature story
STIK KUR NS;STIKER kurkuma z cytryną
SUK;Sukraloza
SUSZ JEZ BIO;Suszona jeżyna BIO
SUSZ MAL BIO;Suszona malina BIO
SUSZ PROBY;SUSZ Z PRÓB
SW;Sok z wiśni
SWBIO;Sok z wiśni BIO
SWP Dynia;Sok z dynii w proszku Boccetta SD01380001
SYR Caramelized;Caramelized syrup 0002 Boccetta
SYR.CYK;Syrop z cykorii
SYUZU;Cloudy NFC YUZU
Sl 0,9;Sł. 900 ml to bezbarwny
Sl. TK 130;Słoik bezbarwny tk 130
Sl. TO 130;Słoiki TO 130 ml
Termos;Termos
VALER VIGO;valeriana VIGO
W3L;Wiadra 3 l.
WECJ-5;Pektyna cytrusowo-jabłkowa WECJ-5
WIE 43;Wieczko z sorbentem fi 43
WIECZKO6X500;Wieczko na soki 500ML 6 sztuk
WIECZKOSYROP12;Wieczko na syropy 12 szt premium rosa
WITAMINAC;Witamina c askorbinian
WKLADKA BNSS;Wkładka do zestawu słodkie święta
WKLADKA BNZP;Wkładka do zestawu zimowa przytulność
WKLADKA BNZPS;Wkładka do zestawu zimowa przytulność standard
WODA;WODA
WORKI;Worki do pakowania liofilizatów 5 kg
WYC MIETA VIGO;Wyciag miety VIGO
XXX S;XXX Surowiec
Z28 VIGO;Zakrętki fi 28 czarna VIGO
Z2818B;Zakrętki fi 28x18 biała
Z28X15,4B;Zakrętki fi 28x15,4 biała
Z28X17,5 LEROS;Zakrętki fi 28x17,5 biała
Z28X17,6 B;Zakretka biała 28x17,6 biała
Z28X17PR;Zakrętki fi 28x17 złota premium rosa
Z28X18PR;Zakrętki fi 28x18 złota premium rosa
Z28X44 HB;Zakrętki 28 x 44 holland and barrett zielone
Z28x17,5BPR;Zakrętki Fi 28x17,5 Biała  Premium Rosa
Z28x17,5ND;Zakrętki 28 x 17,5x nasze domowe
Z28x17B;Zakrętki fi 28x17 biała
Z28x17SR;Zakrętki fi 28x17 srebrna leros
Z28x18 BOR;Zakrętki fi 28x18 bordowa
Z28x18 BRA;Zakrętki fi 28x18 brazowa
Z28x18 POM_x000D_;Zakrętki fi 28x18 pomaranczowa
Z28x18CZ;Zakrętki fi 28x18 czarna
Z28x18DOZ;Zakrętki fi 28x18 doz
Z28x18GOBIO;Zakrętki fi 28x18 zielona go bio
Z28x18SR;Zakrętki fi 28x18 srebrna leros
Z28x44 NDcz;Zakrętki 28 x 44 nasze domowe czerwone
Z28x44 cz;Zakrętki 28 x 44 czerwone bez logo
Z31,5x18zl;Zakrętka 31,5x18 złota
Z42 JERRY;Nakrętka fi 42 biała
Z43BI;Zakrywka rto 43 biała
Z53A;Zakrywki fi 53 premium rosa
Z53BI;Zakrywka rts 53 biała
Z58B;Zakrywka rto 58 biała
Z63DEEP;Zakrętka fi 63 deep
Z66DEEP;Zakrętka fi 66 deep
Z82B;Zakrywki rts 82 biała
ZAWCBEM;Zawieszka czarny bez emart
ZAZIV;MIESZANKA ZIÓŁ DOBRE ZAZIVANI
ZB;Ziele bylicy
ZBRA;Ziele bratka
ZCZ;Ziele czystka
ZJEZ;Ziele jeżówki
ZMAC;Ziele macierzanki
ZMNI;Ziele mniszka lekarskiego krojone
ZN;Ziele nawłoci
ZR;Ziele rdestu
ZS;Ziele skrzypu
ZSZ;Ziele szałwi
ZTYM;Ziele tymianku
ZW;Ziele wrzosu
ebioma;etykieta bio malina 100 %
ejagz;Etykieta sok z jagody z kompleksem ziół 500 ml
ekoaron500;etykieta 100% aronia Korea
escbp 250ml NS;Etykieta syrop z czarnego bzu NATURESTORY
esmp;Etykieta syrop malina 250ml (315)
pale cert;Palety euro z certyfikatem
sb 5l;Slój balon 5 l z pompką
skrzyniopalety;Skrzyniopalety
sl 167 ml;Słoiki 167 ml krakowski kredens
worek220;Worek bib 220 l
z31,5x18BUK;Zakrętka fi 31,5 x 18 czarna BUKOWINA
z31,5x18czm;Zakrętka fi 31,5 x 18 czarna matowa
